Wealth_Score,Rank_Progression_Years,Mission_Success,Peer_Reviews,Attendance_Records,Disciplinary_Actions,Sentiment_Score,Proximity_to_Enemy,Propaganda_Influence,Loyalty_History,Betrayal
9,13.0,61,5,90,2,0.1182186222910886,1,4,1,0
6,17.666666666666668,67,5,73,1,3.071884538241587e-05,0,4,0,0
7,18.583333333333332,64,3,84,3,0.712137045880605,1,1,1,0
9,19.25,93,3,79,2,0.35659617598620563,1,1,0,0
5,20.916666666666668,65,5,79,2,0.25448133161826025,0,3,0,0
10,4.75,76,4,96,2,0.01289746978952544,0,0,1,0
7,3.8333333333333335,57,3,84,4,0.5402994067614997,1,2,1,1
7,22.0,95,3,68,0,0.8511507354259817,1,1,0,0
9,7.75,74,4,99,3,0.9576316462725879,1,1,1,0
4,22.25,66,3,57,1,0.5657449506132892,0,0,1,1
5,17.333333333333332,78,4,75,2,0.5144613277398942,0,0,0,0
9,26.166666666666668,57,4,98,0,0.0850563854892411,0,4,0,0
5,1.75,64,4,89,1,0.5488728015425998,1,2,0,0
5,26.916666666666668,76,5,56,2,0.3799790789653946,1,0,1,0
10,24.75,95,5,79,0,0.6071352808835769,0,1,1,0
7,21.083333333333332,99,5,56,2,0.3887263478765467,1,1,1,0
6,21.833333333333332,56,4,52,4,0.24029912345036675,0,3,1,0
10,1.3333333333333333,52,4,50,0,0.0949652752283765,1,0,0,0
10,10.833333333333334,78,5,85,3,0.31491844458889573,0,4,1,0
5,25.0,93,3,74,2,0.09664483428775228,1,2,0,1
8,6.333333333333333,73,4,86,2,0.17689695082398393,1,4,1,1
7,13.083333333333334,52,3,50,1,0.9873361585795459,0,1,1,1
4,19.583333333333332,69,3,64,1,0.4441035569066186,0,4,0,0
10,20.833333333333332,95,4,86,1,0.5318717665050166,0,1,1,0
6,15.666666666666666,64,4,62,0,0.8736185287372153,0,1,1,1
8,23.166666666666668,74,3,89,1,0.9955689004906878,0,1,0,0
8,29.333333333333332,79,3,57,2,0.5827144493446815,1,1,1,0
4,24.416666666666668,63,5,54,4,0.8124738210441717,0,1,0,0
10,6.166666666666667,56,5,58,3,0.32694102433667527,0,3,0,0
6,19.0,66,4,50,3,0.3057439574472911,0,4,0,0
7,29.416666666666668,93,5,85,1,0.4027037209945602,0,3,0,0
3,27.166666666666668,69,5,84,1,0.6725072626736491,0,3,1,1
6,24.5,85,5,51,1,0.6821916892550988,1,0,1,0
4,15.666666666666666,58,5,89,1,0.3152394346494508,0,0,1,0
8,9.083333333333334,87,3,72,2,0.1332099241366287,0,0,0,0
7,9.666666666666666,97,4,58,2,0.6323962564655086,0,2,1,0
6,9.166666666666666,71,5,83,1,0.12832586218876452,1,0,1,0
3,26.833333333333332,51,3,95,1,0.5784925082293301,1,4,1,0
3,1.4166666666666667,73,3,63,3,0.693422128056309,0,3,1,0
5,17.333333333333332,57,3,53,3,0.7006114963944516,0,4,0,0
5,12.0,60,5,79,1,0.7534721106595967,1,0,0,0
9,22.5,62,5,80,4,0.8728594215656645,1,2,1,0
4,2.8333333333333335,66,4,87,4,0.49995899196478844,1,2,0,0
10,5.333333333333333,57,5,60,1,0.7302491895295712,0,3,1,1
6,14.666666666666666,70,5,84,1,0.6191727353658367,0,4,1,0
6,17.75,67,3,57,2,0.18663993979768256,1,1,1,1
10,7.833333333333333,79,4,52,4,0.025689644869408168,0,4,0,0
9,13.0,67,5,63,3,0.28454138567693377,1,0,1,1
8,8.0,95,5,62,0,0.4430337063376194,1,1,0,0
8,7.416666666666667,96,3,94,2,0.6171059444286563,1,2,0,0
9,1.0,80,3,81,2,0.8499593305032054,0,3,1,0
8,5.166666666666667,87,5,83,2,0.19624571670616564,1,3,0,0
5,15.333333333333334,81,4,94,1,0.1255497898984771,1,2,0,0
6,18.0,60,4,68,3,0.9634799474743275,0,0,1,0
9,22.583333333333332,94,3,87,2,0.10804455937640711,1,2,0,0
6,24.916666666666668,74,3,65,3,0.47849107010718916,0,0,0,0
10,3.75,82,5,51,3,0.5855637287933019,1,1,1,1
3,29.916666666666668,87,3,89,3,0.5413744209074383,0,2,1,0
5,8.833333333333334,90,5,66,2,0.0860321570329432,1,0,0,0
7,6.916666666666667,57,4,83,2,0.05702691400361937,1,1,1,0
5,4.166666666666667,60,4,91,1,0.10548342746103567,1,2,1,0
9,13.75,71,5,65,2,0.5855876838726125,1,3,0,0
7,21.75,100,3,87,1,0.5443448876343211,1,2,0,0
3,14.416666666666666,73,4,51,3,0.23374079203674425,0,4,1,0
9,10.75,90,3,51,1,0.6377741418455916,0,2,0,0
4,22.5,66,4,75,1,0.8200675020556494,1,4,1,0
6,26.416666666666668,61,5,62,1,0.041578959846593766,1,1,1,0
3,23.25,95,5,96,0,0.4981299435480424,1,2,0,0
6,5.416666666666667,81,5,80,3,0.6893104121026903,0,1,0,0
8,20.583333333333332,64,4,83,3,0.2523119270696871,0,1,1,0
4,19.416666666666668,65,3,88,2,0.3077709052931491,1,0,1,0
4,21.833333333333332,71,3,52,1,0.6136379029893838,0,1,1,0
3,27.0,77,3,57,0,0.8979352934437369,1,1,1,0
4,10.25,69,4,72,0,0.8099244203028994,1,2,0,0
7,22.166666666666668,82,4,63,1,0.5831302190995835,1,2,1,1
4,26.166666666666668,59,4,76,4,0.7302217177572492,0,3,0,0
6,18.166666666666668,89,4,78,1,0.3648224702077987,1,0,0,0
6,20.0,81,4,88,1,0.6409655280987577,1,1,1,0
9,29.333333333333332,99,3,88,0,0.46618159112755697,1,0,0,0
6,6.416666666666667,82,4,50,1,0.1899361364575609,0,4,0,0
9,7.166666666666667,51,4,66,2,0.7017382738772572,0,1,1,1
6,9.5,82,3,90,2,0.556464637348822,0,0,0,0
7,16.916666666666668,82,4,79,1,0.3586215819535914,1,3,0,0
10,21.916666666666668,90,3,62,0,0.9113391900786307,0,3,1,0
9,19.75,62,3,70,2,0.020934117826733267,1,1,1,0
5,25.416666666666668,79,5,68,1,0.315773151249496,0,4,1,0
8,26.416666666666668,82,5,68,1,0.05688139777764656,1,3,1,0
3,9.083333333333334,62,5,74,4,0.7665273162216272,0,3,1,0
6,29.083333333333332,75,5,71,2,0.7021074541137926,1,4,1,1
4,24.75,71,4,80,2,0.33135221873631704,0,0,1,0
10,28.833333333333332,88,5,66,2,0.675662902207073,0,3,0,0
6,29.833333333333332,51,3,72,2,0.39593722619594984,0,2,0,0
4,26.583333333333332,87,4,81,2,0.7562537914224343,1,3,1,1
8,21.666666666666668,88,5,59,3,0.4541836627367061,0,0,0,1
8,14.75,75,3,59,3,0.41227972783166555,0,0,0,1
8,28.833333333333332,95,4,85,1,0.934729915488301,0,1,1,0
4,3.4166666666666665,99,4,57,2,0.25087909989070023,0,2,0,0
6,21.5,64,5,69,2,0.12044733999656543,1,0,1,0
8,9.75,83,4,81,3,0.5845431132594582,0,4,0,0
7,5.166666666666667,91,3,99,2,0.9693218122841789,1,2,1,0
9,7.666666666666667,93,4,63,2,0.37783921372718665,1,2,0,0
4,12.0,98,3,99,1,0.06203676362878152,1,4,0,1
4,24.666666666666668,89,4,77,2,0.33930526730956745,1,3,0,0
6,12.416666666666666,60,5,95,1,0.5059316543195584,0,4,1,0
4,16.25,52,3,73,1,0.1619230066322137,1,4,0,0
4,28.416666666666668,55,4,64,1,0.658102218056492,1,3,0,0
8,23.666666666666668,58,4,71,3,0.9977493890102006,1,3,1,0
6,29.25,55,4,79,1,0.4517394759814438,1,3,1,0
8,6.666666666666667,58,3,53,2,0.35472855673021264,0,3,0,1
9,3.75,88,3,62,4,0.40070416683446664,0,3,0,0
10,22.75,80,3,72,1,0.11514617839520114,1,4,0,0
9,5.333333333333333,81,5,57,2,0.8832736014262238,1,1,0,0
10,18.0,90,5,67,2,0.414825655521352,1,1,1,0
8,11.416666666666666,99,3,61,0,0.3872744114248413,0,0,0,0
9,20.5,61,4,80,3,0.6596902729304743,0,1,0,0
6,4.5,57,5,63,0,0.4420334209311235,0,1,1,0
3,20.916666666666668,57,3,83,2,0.648233468807846,0,4,0,0
8,10.166666666666666,99,4,67,2,0.061446290130787506,0,3,0,0
10,21.666666666666668,77,5,83,2,0.8137233437222274,1,3,0,0
7,13.5,69,4,60,3,0.9405039528794026,0,4,1,0
10,16.166666666666668,96,4,90,1,0.648765386159386,0,1,1,0
7,28.916666666666668,56,4,61,0,0.9545659288588108,1,4,0,0
4,8.833333333333334,60,4,98,3,0.1514323143699633,0,0,0,0
9,1.5833333333333333,69,5,64,2,0.4774161894803537,0,3,1,0
7,16.25,65,5,80,3,0.6018067339454473,0,2,0,0
10,24.333333333333332,53,5,98,3,0.5817366474211867,1,0,0,0
4,17.166666666666668,55,3,78,3,0.40146177908904324,0,0,1,1
3,17.166666666666668,71,5,75,2,0.3380844093662614,1,4,1,0
6,13.833333333333334,75,4,67,1,0.1268240225504188,1,1,1,0
6,8.666666666666666,52,5,81,3,0.3917424505622782,0,3,0,0
6,14.25,90,4,71,2,0.16266081510548513,0,2,0,0
7,6.0,91,3,87,1,0.7343656764922184,0,0,0,0
3,11.083333333333334,63,4,66,3,0.20883093549458998,0,2,0,0
7,5.166666666666667,60,4,72,4,0.05856530528453385,1,1,1,0
9,24.0,67,4,73,2,0.5523661378172343,0,1,0,0
7,1.3333333333333333,61,3,99,0,0.5952297327194016,1,2,0,0
3,8.583333333333334,72,5,57,2,0.8719130612805055,1,3,1,0
3,15.083333333333334,61,5,90,3,0.5769816124176819,1,1,1,0
9,27.333333333333332,62,3,55,4,0.3454808537234457,1,2,0,0
3,2.75,74,4,54,1,0.8030118815263205,1,0,1,0
10,28.083333333333332,94,5,93,0,0.5402788931874211,0,2,1,0
3,1.0,100,3,78,3,0.07928028463119174,1,2,0,0
6,12.0,68,5,77,2,0.5658505603132467,1,4,0,0
10,20.333333333333332,95,3,60,2,0.9080185454216624,0,1,0,0
10,1.9166666666666667,85,4,50,5,0.39631262549822055,0,3,0,0
9,29.75,94,5,92,0,0.29632580189980007,1,3,1,0
5,4.75,57,3,68,2,0.14346945701802005,1,4,1,0
5,3.75,78,5,58,0,0.15144552193535732,0,3,0,1
3,7.416666666666667,81,5,76,1,0.4327714843418189,1,2,0,0
10,19.083333333333332,100,5,83,3,0.5956798241615295,0,4,1,0
5,26.0,93,5,93,2,0.08061540516960175,0,0,0,0
5,7.0,67,3,53,6,0.9395685890251657,1,1,0,0
3,24.416666666666668,55,4,85,2,0.7551336174451959,0,1,0,0
5,21.666666666666668,67,3,67,1,0.5866239182836627,1,1,0,0
7,4.833333333333333,68,3,64,1,0.8284386709389908,1,2,1,1
4,11.0,71,3,100,1,0.08018675681211329,1,0,0,0
9,18.75,86,4,62,1,0.4768388777331244,0,4,1,0
4,20.833333333333332,81,5,68,0,0.6300931268616634,1,4,0,1
3,5.583333333333333,90,5,98,1,0.8286529061182892,0,1,0,0
6,9.833333333333334,52,5,55,2,0.7834695600492677,1,0,1,1
9,27.5,77,4,97,3,0.27706924971339963,1,0,0,1
3,4.916666666666667,59,5,61,2,0.9408801695592043,0,0,1,0
10,6.0,100,4,100,3,0.12434584143087035,1,3,0,0
6,29.0,84,5,86,0,0.8751336186211521,1,3,0,0
4,3.0833333333333335,78,5,66,1,0.9709402496046186,0,1,0,0
3,25.25,64,3,72,2,0.17715352322262556,0,0,0,0
10,22.333333333333332,82,4,75,2,0.7220660642037853,0,0,0,0
9,1.5833333333333333,56,3,78,0,0.040285518777998464,1,4,1,0
9,10.333333333333334,61,3,82,3,0.40542282513915495,0,4,1,0
8,22.0,98,3,76,3,0.516283299197674,0,1,0,0
10,15.916666666666666,79,4,74,2,0.5806452259096341,1,0,0,0
7,18.166666666666668,70,4,59,0,0.9359372482485595,0,1,1,0
5,26.166666666666668,80,5,96,3,0.6722506872941947,1,4,1,0
6,11.5,73,3,72,2,0.481277951219237,1,4,0,0
10,5.583333333333333,69,5,70,3,0.8096750362658893,0,3,0,0
8,18.75,86,3,70,3,0.9505328209544089,1,1,1,0
5,2.0833333333333335,53,4,92,3,0.022066148682290843,0,1,0,0
5,3.25,77,4,62,2,0.9825212722560387,0,0,1,0
3,7.416666666666667,93,4,86,1,0.08613213906368034,0,0,0,0
5,18.916666666666668,69,3,82,2,0.8143867792687614,0,3,1,0
7,13.75,73,4,73,2,0.2803347525514125,1,2,1,0
9,2.0833333333333335,99,3,93,3,0.13217965775387175,1,2,0,0
8,16.5,98,5,60,1,0.4398556397138349,0,2,1,0
5,26.916666666666668,100,3,66,1,0.6439565794476135,0,1,0,0
3,1.5,81,5,53,4,0.380951845023475,1,1,0,0
7,1.1666666666666667,90,3,96,3,0.05456540828269896,0,4,0,0
4,10.166666666666666,85,5,74,4,0.5994611396587166,1,1,0,0
9,20.75,83,4,79,3,0.9024032761106747,0,1,1,0
9,20.833333333333332,85,5,58,2,0.3832153659472517,1,1,0,1
8,23.75,51,4,70,2,0.21633277763082703,1,3,0,0
9,25.416666666666668,64,4,69,4,0.4425773459328154,1,1,0,0
5,19.833333333333332,83,5,68,2,0.04836271104878087,0,0,0,0
3,2.1666666666666665,85,3,68,2,0.8204875844802748,0,0,1,0
9,16.916666666666668,55,3,61,1,0.8263408109501867,0,4,0,1
9,10.833333333333334,88,3,86,2,0.5880004634296284,0,3,1,0
4,3.25,91,3,91,3,0.3531028889383895,0,0,1,1
4,17.75,100,3,66,1,0.7997833644457834,1,3,1,0
6,4.166666666666667,100,4,86,1,0.5546870247883672,1,3,0,0
7,23.666666666666668,61,3,97,1,0.8259323085500162,1,4,0,0
5,20.166666666666668,52,4,88,1,0.6314587925830206,1,3,0,0
9,8.083333333333334,94,4,77,1,0.7844054732127973,1,1,0,0
10,11.416666666666666,67,4,90,2,0.59856299321776,1,3,1,0
9,25.916666666666668,89,5,84,4,0.4141410682156662,1,4,1,0
3,3.0,70,5,96,2,0.9579458599261376,0,4,0,0
6,13.0,64,4,97,1,0.5411138248788447,1,4,0,1
7,2.0,82,5,67,0,0.6050895185405384,0,0,0,0
10,18.583333333333332,84,3,63,3,0.22048763941474925,1,1,0,0
6,3.0,75,3,84,2,0.6256507894272765,1,0,0,0
8,6.583333333333333,57,4,93,3,0.5716076494829438,0,2,0,0
7,6.5,85,3,90,2,0.18483839794702495,1,1,0,0
9,20.333333333333332,97,4,56,3,0.059587097353143714,0,3,1,0
9,10.0,79,4,90,1,0.6043593197147711,1,4,1,1
7,13.083333333333334,72,3,62,3,0.7636922693503205,0,2,1,0
9,10.166666666666666,91,5,67,1,0.5234013709220082,1,1,1,0
5,19.916666666666668,93,3,86,4,0.2267726253196457,0,0,0,0
7,10.166666666666666,63,3,62,2,0.6665219766930349,0,4,0,0
6,3.75,63,4,85,1,0.08010572660960225,1,0,0,0
7,10.166666666666666,51,4,80,1,0.4418337048019546,1,1,0,0
10,22.916666666666668,86,4,51,1,0.1633667583984202,0,1,0,0
9,20.583333333333332,54,4,65,3,0.18445905105988336,1,2,1,1
5,7.833333333333333,87,5,58,1,0.20229394915820365,0,3,0,0
5,4.416666666666667,94,5,58,2,0.3867070570439779,1,0,1,0
8,9.333333333333334,90,5,87,1,0.051150205620397626,0,2,0,0
6,1.4166666666666667,96,4,60,2,0.3977934409290982,1,4,1,0
4,15.916666666666666,63,4,71,3,0.5117074471147008,0,3,0,0
4,24.416666666666668,88,4,82,3,0.4832942849663252,1,2,1,0
7,27.583333333333332,74,5,85,3,0.38278410040304056,0,0,0,0
8,19.75,69,4,94,1,0.8391466080707525,0,1,0,0
3,27.166666666666668,51,3,72,0,0.1453266924205041,1,4,0,1
7,20.0,88,3,94,3,0.505696743781374,1,0,0,0
8,25.0,55,4,94,1,0.062041416956554296,0,3,1,1
6,13.416666666666666,66,3,83,2,0.07115567887790974,0,3,0,0
6,24.0,74,3,58,0,0.5738658496770963,0,1,1,0
6,17.416666666666668,77,5,73,1,0.566018424887821,0,1,0,0
6,6.75,51,4,57,0,0.878033512844457,1,4,1,0
6,10.25,84,4,56,4,0.5578736756600732,0,4,0,0
8,1.25,86,5,85,1,0.9597910204048502,0,1,0,0
8,28.5,54,3,67,2,0.04869484839992977,0,1,1,0
5,27.416666666666668,50,3,52,0,0.09800768478074107,1,3,0,1
10,8.833333333333334,89,4,77,2,0.04406586157038139,0,1,0,0
4,13.583333333333334,61,3,55,1,0.18527685033354002,1,2,1,0
9,26.833333333333332,85,5,93,4,0.5412701109416781,1,0,0,0
6,12.333333333333334,94,5,93,4,0.645572181427428,1,1,1,0
3,21.5,72,4,70,1,0.0455851579486688,1,4,0,0
9,21.166666666666668,96,5,77,4,0.9459708898455993,1,2,1,0
8,3.5,80,5,89,6,0.842165376650381,1,4,1,0
3,4.25,60,4,50,3,0.2966124821570931,1,2,1,0
3,20.0,59,5,85,3,0.07718753022646796,0,1,1,1
3,3.9166666666666665,52,5,70,1,0.16988707321905727,0,0,0,0
5,19.5,63,5,92,2,0.12694441375497267,1,4,0,0
8,1.4166666666666667,65,3,84,0,0.12328377929894685,0,2,1,0
3,27.75,59,4,62,0,0.5185616886657339,0,3,0,1
6,19.25,78,4,98,6,0.2458474424934003,1,1,0,0
7,7.166666666666667,59,4,59,1,0.35813971652914445,0,0,0,0
3,1.25,61,3,93,3,0.9895053333843224,1,1,1,0
5,28.833333333333332,79,3,96,3,0.6843142489253448,0,3,0,0
9,12.083333333333334,90,4,59,3,0.9489806670470013,1,0,0,0
8,10.75,50,3,95,6,0.1425565550331156,1,3,1,0
10,8.75,54,4,62,1,0.38213947483256927,0,1,0,0
5,6.083333333333333,69,3,86,0,0.5547318032823543,0,2,1,1
3,17.083333333333332,57,5,87,2,0.07675806188873802,1,1,1,0
8,28.833333333333332,92,5,73,1,0.004187443627957865,1,1,1,1
7,17.833333333333332,61,4,51,0,0.6704343337969175,1,1,0,0
3,3.0833333333333335,50,3,71,1,0.6418195168014353,0,4,0,0
5,15.333333333333334,69,3,66,3,0.41078880999961176,0,3,1,0
4,25.916666666666668,77,5,85,2,0.48964407603203264,0,3,1,0
6,12.0,92,5,63,1,0.4154430005920896,0,3,1,0
10,28.083333333333332,86,3,59,2,0.024005044844888856,1,4,1,1
9,10.75,96,3,84,1,0.3353716062174624,1,2,1,1
5,27.916666666666668,86,3,74,0,0.17708225539728983,1,1,1,1
8,23.833333333333332,61,3,52,3,0.09842418910136874,1,2,0,0
10,18.583333333333332,86,3,96,2,0.9567204338893498,0,4,1,1
10,19.666666666666668,98,3,87,3,0.5993597250421656,1,3,1,0
10,2.5833333333333335,98,4,66,0,0.7286562842366027,1,1,1,0
3,10.333333333333334,93,3,61,3,0.3153637432661175,0,0,0,0
6,12.583333333333334,77,5,73,2,0.3931471294940152,0,0,0,0
3,4.833333333333333,96,4,78,2,0.23692399389672347,1,2,0,0
8,1.0,64,3,92,2,0.09696567096542474,0,3,0,0
3,8.416666666666666,55,5,74,3,0.1790316374415838,1,0,1,1
4,12.75,93,4,85,2,0.7975140452964858,0,2,0,0
6,27.583333333333332,69,5,75,2,0.6775458051837758,0,4,1,0
6,4.083333333333333,99,3,87,5,0.5469288759854769,1,2,1,1
8,25.333333333333332,63,3,50,3,0.47508987286676807,0,2,1,0
9,12.5,51,3,69,2,0.9224342836561245,1,2,1,1
4,28.666666666666668,58,3,77,3,0.0727349477786684,0,1,1,0
5,22.5,86,4,65,2,0.28060081323791597,0,2,1,0
3,14.333333333333334,69,4,96,1,0.34993785357071405,0,2,0,0
7,15.75,75,5,66,2,0.7824258122127878,0,1,0,0
3,1.75,78,3,89,4,0.9925146201619713,0,1,0,0
10,22.666666666666668,50,5,77,4,0.24067051475715306,1,4,0,0
3,12.416666666666666,84,4,61,1,0.8743073341370806,0,3,0,0
5,15.25,55,3,76,2,0.8306227604317913,1,0,1,1
3,2.0,86,3,91,1,0.22465739764176662,0,0,0,0
4,14.916666666666666,54,4,96,6,0.3993325801992226,1,2,0,0
4,11.75,82,4,79,5,0.4096728692925191,0,4,0,0
6,7.916666666666667,98,4,90,2,0.9782206685265583,1,2,1,0
8,27.666666666666668,100,4,83,3,0.18089190137889832,1,0,1,0
9,27.5,63,4,86,3,0.799157971104782,0,1,1,1
7,9.333333333333334,61,3,55,2,0.3341927141731099,0,3,0,0
10,28.333333333333332,91,4,56,0,0.7308703457761604,0,4,0,0
3,23.666666666666668,69,3,81,2,0.42001100429566285,1,1,0,0
3,23.0,99,3,81,2,0.57835976311654,1,3,0,0
5,4.083333333333333,73,4,74,2,0.8326117733261311,0,4,0,0
8,8.75,92,4,82,1,0.8041655649838841,0,4,1,0
4,8.833333333333334,83,3,56,4,0.8664231835397002,1,0,0,0
7,26.333333333333332,74,4,61,1,0.05961732534465902,1,1,1,0
6,6.666666666666667,99,4,65,2,0.6920505530397448,0,4,0,0
4,27.416666666666668,78,4,65,3,0.13998737672176287,1,4,1,0
10,20.583333333333332,88,5,92,3,0.415818568018411,0,3,1,0
8,28.75,80,3,85,2,0.5485884150546885,0,0,1,0
10,12.333333333333334,96,5,62,1,0.40273948474683074,0,2,1,1
9,7.25,92,4,56,1,0.5196116758030075,1,0,0,0
6,3.8333333333333335,99,5,85,2,0.9965263087986191,1,2,0,0
9,1.0,72,4,96,2,0.13521731371285473,1,1,0,0
5,25.583333333333332,93,5,100,1,0.6754560453364256,1,1,1,1
10,27.583333333333332,87,4,58,3,0.3960009663856152,0,4,0,1
5,5.916666666666667,69,5,81,2,0.13300979890732878,1,1,0,0
3,27.583333333333332,72,5,60,2,0.15873676337430953,0,4,0,0
9,28.25,94,5,57,3,0.9492731062456169,0,0,0,0
8,23.166666666666668,65,3,82,1,0.879601496711762,0,1,1,0
10,20.0,99,5,72,0,0.9070419604150218,1,0,1,0
7,23.416666666666668,91,3,74,3,0.9915327758273865,0,0,0,0
6,27.25,57,4,57,2,0.20831539000851795,0,1,0,0
4,24.75,99,5,94,3,0.35543933736406175,1,0,0,0
8,25.166666666666668,70,4,71,3,0.6692190299248667,0,1,1,0
8,18.666666666666668,50,4,53,3,0.48380253986064725,1,1,1,0
5,14.666666666666666,57,5,89,4,0.4183895333783335,1,1,1,0
9,1.3333333333333333,78,3,52,2,0.35781124933559305,1,2,0,1
10,29.166666666666668,81,5,78,2,0.5937806319434522,0,0,1,0
10,7.416666666666667,87,4,90,2,0.575593428640082,1,3,1,0
3,6.083333333333333,54,4,78,1,0.16145783406424008,1,1,1,0
3,11.916666666666666,96,5,83,2,0.47173983751843906,1,0,1,0
6,8.333333333333334,71,3,83,1,0.5534717762098499,1,4,1,0
5,20.666666666666668,96,3,77,4,0.5702869387313905,0,1,0,0
8,4.416666666666667,83,4,62,2,0.2101071929123518,1,1,0,0
10,8.333333333333334,50,4,64,2,0.7422713922522868,0,3,0,0
7,25.583333333333332,75,3,72,1,0.025199094821069634,1,2,0,1
5,28.25,92,5,93,0,0.35483185554316266,0,2,1,0
6,25.5,59,4,75,0,0.7802126485356335,1,1,0,0
6,9.583333333333334,79,3,53,2,0.5638929210554023,0,0,0,0
5,2.0833333333333335,99,4,75,0,0.26116243251086024,1,4,0,1
6,24.916666666666668,67,5,89,2,0.6949531193430477,0,4,1,0
5,15.833333333333334,66,3,58,4,0.5673909441560734,0,0,0,0
4,11.333333333333334,75,4,54,4,0.7962436094563872,0,1,1,1
5,2.8333333333333335,57,5,81,2,0.7350251861898234,1,4,1,1
9,6.166666666666667,96,4,69,1,0.6101079220362347,0,2,1,1
5,12.833333333333334,89,5,99,3,0.488177675310814,0,0,0,0
6,13.666666666666666,98,5,60,4,0.1331821256675234,0,3,1,0
10,13.0,61,3,64,1,0.26133301788538377,0,1,0,1
9,19.666666666666668,76,5,81,3,0.41909947291708527,1,0,0,0
6,26.666666666666668,57,4,77,1,0.5992992870063887,0,4,0,0
3,9.583333333333334,74,5,71,3,0.5137078552153048,0,1,1,0
3,9.583333333333334,95,5,90,6,0.2881845259595295,0,2,1,0
10,4.166666666666667,53,3,66,0,0.006464357789710551,1,1,0,1
10,17.416666666666668,82,5,75,4,0.49623922190081393,0,1,1,0
9,12.083333333333334,50,5,93,2,0.2856259885622431,0,2,1,0
4,6.5,68,4,56,5,0.7346083007105351,0,2,1,1
10,15.833333333333334,80,3,91,2,0.02394626527048349,0,1,0,0
3,4.416666666666667,65,3,75,3,0.5848278113057909,1,2,1,0
5,2.1666666666666665,63,3,74,0,0.9414742375060654,0,0,1,0
6,10.166666666666666,97,5,59,1,0.1744092671114995,0,2,0,0
3,14.0,54,3,94,0,0.47164949075059537,1,2,1,0
3,25.0,90,5,68,5,0.09142199181713817,1,1,0,0
4,20.166666666666668,75,5,60,3,0.6256819122613526,1,0,1,0
9,14.0,77,4,62,3,0.5505316805962256,0,3,1,0
9,4.083333333333333,51,4,57,4,0.40736552421283234,1,3,1,0
8,9.0,99,4,89,0,0.5213770214737412,0,4,1,0
4,25.0,55,4,53,2,0.8965746584690102,1,2,1,0
5,22.083333333333332,58,4,96,0,0.19629430231106704,0,2,1,0
9,17.25,82,5,80,1,0.022564511705347234,1,0,0,0
6,8.083333333333334,90,5,77,1,0.861664884699101,0,3,1,0
10,27.75,74,3,60,2,0.5771170823879065,1,4,1,0
4,1.75,97,5,92,1,0.8906584554618424,0,0,1,0
10,1.3333333333333333,62,5,50,0,0.5969452234131726,0,2,0,1
3,11.166666666666666,58,4,98,1,0.8101610899597025,0,3,0,0
6,28.416666666666668,62,5,96,1,0.42967336335514794,0,4,0,0
6,10.75,80,4,87,5,0.7498599312882688,0,1,1,0
3,25.416666666666668,90,3,73,3,0.913041466889856,0,3,1,1
4,14.166666666666666,60,3,96,5,0.5721229637222063,0,4,0,0
3,26.166666666666668,53,5,80,2,0.18078515056237954,0,0,0,0
10,19.916666666666668,83,3,90,1,0.26879761503019817,1,1,0,0
8,18.916666666666668,87,5,95,3,0.19864457689740578,0,4,1,0
6,16.25,95,3,99,1,0.24685702759573291,0,4,0,0
7,2.1666666666666665,53,4,75,1,0.3064154493510364,1,2,1,0
7,14.0,87,4,98,1,0.5551337867531885,0,3,1,0
10,12.25,68,4,99,1,0.5879916294638328,1,2,1,0
5,22.666666666666668,55,4,54,1,0.4264997472418611,0,1,0,0
9,14.0,83,5,69,1,0.6154207798208354,1,4,1,0
3,4.833333333333333,67,3,90,2,0.08157492561136592,1,2,0,0
3,27.916666666666668,62,5,60,0,0.08778823705815997,0,3,0,0
5,28.583333333333332,90,4,82,1,0.17182946035765845,1,1,0,0
5,15.333333333333334,72,5,99,3,0.5180774980403448,0,0,0,0
10,11.75,68,3,87,1,0.21399467869831357,0,2,1,1
10,8.833333333333334,94,5,76,1,0.28328440349257733,0,1,1,0
5,10.5,60,3,83,3,0.40031283617299407,0,0,1,1
6,21.166666666666668,50,5,64,1,0.8118661240103798,1,2,1,0
10,25.25,73,3,81,0,0.013862135912860118,0,1,0,1
8,24.416666666666668,56,3,70,2,0.6493788202366224,1,1,0,0
10,25.833333333333332,74,4,95,1,0.6688765310406853,1,2,0,0
3,24.5,70,3,54,2,0.7986557803566365,0,1,0,1
10,6.666666666666667,64,4,55,3,0.9327529390603132,0,4,1,0
6,13.25,50,4,87,1,0.020137848949289827,0,2,0,0
5,1.8333333333333333,61,4,71,2,0.15378370551321618,0,1,1,0
3,22.083333333333332,56,5,67,2,0.886171294055993,1,0,0,0
10,28.416666666666668,64,5,63,1,0.45851856218701537,0,0,0,0
6,4.083333333333333,70,5,59,2,0.5645906389334635,1,4,0,0
8,12.083333333333334,68,5,95,1,0.6630272037231474,0,2,0,0
10,17.583333333333332,78,3,62,2,0.6790666044956374,0,1,1,0
6,2.8333333333333335,74,3,80,0,0.9317404033165082,0,1,1,0
8,26.166666666666668,82,5,79,2,0.9969494174116696,0,0,1,0
5,29.75,98,3,52,1,0.7201574609309402,1,4,1,0
10,26.083333333333332,81,3,79,3,0.2872212092051508,1,0,0,1
8,19.083333333333332,98,4,55,0,0.8797524022943436,0,0,0,0
3,12.666666666666666,84,4,78,2,0.04922091454076161,1,4,1,0
5,9.583333333333334,93,4,57,2,0.2310808528744962,1,2,1,0
3,18.416666666666668,87,4,93,3,0.8973857174637149,0,1,0,0
7,10.166666666666666,75,3,94,2,0.25619151443935495,0,2,0,0
4,9.583333333333334,60,5,92,2,0.22065105962174847,1,3,1,0
10,27.25,84,3,93,3,0.13812529314024724,1,3,1,0
8,15.166666666666666,57,3,82,3,0.8591117576469165,1,3,1,0
4,27.916666666666668,95,3,66,1,0.5000582591910867,1,4,0,0
4,12.0,63,4,97,2,0.6748932030541548,0,0,1,0
8,25.333333333333332,59,4,60,3,0.23906638407502967,0,2,1,0
5,28.25,51,4,62,5,0.7580404210112165,1,1,1,0
10,11.5,95,5,99,4,0.7600055449620985,0,3,1,1
7,9.75,58,3,60,1,0.31259802490830013,1,2,1,0
3,8.583333333333334,52,5,80,1,0.41068263301028285,1,3,0,0
6,24.833333333333332,70,4,77,2,0.20969027743020086,0,3,1,0
3,5.166666666666667,75,5,93,3,0.9765610233229043,1,1,0,0
6,3.3333333333333335,57,3,55,2,0.6456025770584116,1,4,1,0
3,25.583333333333332,97,3,90,2,0.9345438807155155,0,0,1,0
8,25.666666666666668,51,4,65,3,0.30338554362913317,0,4,1,0
7,18.75,55,4,53,1,0.7818909129968897,1,2,0,0
10,23.166666666666668,77,5,84,3,0.765858643884742,1,4,0,0
6,22.333333333333332,78,4,97,2,0.6916556518665415,0,2,0,0
10,26.083333333333332,75,4,75,1,0.9656389752668004,1,2,1,0
10,9.333333333333334,74,3,61,2,0.39355533610631555,1,0,1,0
10,29.75,61,4,60,3,0.1307173235897573,0,1,0,0
9,10.083333333333334,54,4,86,1,0.6717088592440608,0,0,0,0
5,16.083333333333332,83,3,74,1,0.7293098004772062,0,4,1,0
3,27.0,97,3,67,4,0.5750605734588147,0,2,0,1
10,1.0,86,5,68,1,0.20681789313339627,0,3,1,0
3,27.5,64,4,72,2,0.5044559416693554,0,3,0,0
10,5.5,93,3,87,2,0.3121897365691294,1,2,0,0
6,13.333333333333334,85,5,67,2,0.42746652816668906,1,0,0,0
5,26.666666666666668,64,5,75,2,0.6452185758446639,0,1,1,0
5,12.333333333333334,92,4,55,1,0.7452147426908345,0,0,1,0
8,17.75,97,4,53,2,0.23222469090134312,1,2,0,0
9,27.0,72,5,93,1,0.40532536064695335,1,2,1,0
8,10.666666666666666,55,3,100,2,0.2691615709916292,1,1,1,0
8,13.75,95,5,78,1,0.19863161386186912,0,4,1,0
8,25.166666666666668,99,4,83,2,0.7833872199958384,0,4,1,0
8,6.166666666666667,93,3,66,1,0.9092526944369924,1,1,0,0
8,21.25,92,3,92,1,0.3702321856845767,0,4,1,1
7,3.0,94,5,92,1,0.7512789243737669,0,3,1,0
5,8.416666666666666,70,4,65,1,0.8969952893644111,0,4,0,0
8,7.166666666666667,72,5,51,3,0.8461242105302316,1,4,1,0
10,25.416666666666668,92,5,83,1,0.1828133885392259,1,4,1,0
5,18.416666666666668,65,5,57,4,0.9562918815133613,0,3,1,0
5,29.833333333333332,96,3,62,5,0.37667644042946247,0,4,0,0
4,2.3333333333333335,64,3,91,2,0.33924066117383633,0,3,0,0
7,11.583333333333334,74,4,57,1,0.062431327277780335,0,1,1,0
8,21.833333333333332,85,4,79,1,0.486173654104883,0,0,1,0
3,15.833333333333334,60,5,81,3,0.10901361564092871,1,1,0,0
6,16.083333333333332,100,5,85,1,0.248539820927426,0,0,0,0
9,13.583333333333334,64,5,96,0,0.3169426217672814,0,1,0,0
10,3.0,53,4,79,2,0.808826323491684,0,0,1,0
3,15.916666666666666,70,3,50,3,0.8754886503958965,1,0,1,0
7,17.416666666666668,62,3,92,3,0.3024663174614697,1,2,0,0
6,29.583333333333332,71,5,88,1,0.8586981212445739,0,0,1,0
7,14.333333333333334,68,5,66,2,0.8572309373697911,1,0,1,0
10,15.666666666666666,83,5,69,1,0.7646509503848735,1,2,1,0
5,24.666666666666668,63,5,73,1,0.14669511401518154,1,4,1,0
6,6.166666666666667,53,4,99,3,0.690322846900729,1,4,1,1
5,13.416666666666666,97,3,71,1,0.9450240645805688,1,2,1,0
10,13.75,95,5,78,1,0.6825404787671571,1,3,1,0
3,13.916666666666666,76,4,71,0,0.33161684910783396,0,0,0,0
10,5.0,78,5,93,3,0.5005793174308313,1,0,0,0
3,29.0,96,5,58,3,0.6457250433510536,1,2,0,0
6,7.916666666666667,77,3,86,2,0.5105704087285036,0,2,0,0
6,15.666666666666666,84,5,59,3,0.11995294173096982,0,3,0,0
8,13.25,57,3,85,1,0.31206404465202064,0,4,0,0
7,10.75,65,3,86,2,0.8023960305536325,0,1,0,0
8,29.416666666666668,91,3,77,1,0.8614180460955174,1,4,0,0
7,6.166666666666667,85,4,77,0,0.13730003271557023,1,0,0,0
8,16.666666666666668,79,4,91,2,0.9523867523987246,1,2,1,0
5,5.0,67,3,92,4,0.32882261784860933,1,3,1,1
6,28.166666666666668,51,5,70,0,0.66231373873072,0,4,0,0
3,22.333333333333332,98,3,73,1,0.7518251459566812,1,3,1,0
7,19.583333333333332,62,5,91,1,0.8119462346378834,1,4,1,0
10,12.666666666666666,53,3,89,1,0.9457497022259301,0,0,0,0
7,18.833333333333332,75,5,51,4,0.3129195480288226,1,1,0,0
3,18.5,74,4,57,2,0.8585064545515545,1,3,0,1
8,27.416666666666668,79,5,97,2,0.13168690343620704,1,3,1,0
7,3.5833333333333335,60,3,76,3,0.7050409063535927,1,1,1,1
9,14.083333333333334,56,4,71,1,0.7419777295139859,0,3,0,0
5,24.666666666666668,80,5,86,2,0.6777232412013204,0,3,1,0
6,26.333333333333332,93,5,76,2,0.252314736135153,0,4,1,1
3,24.75,59,5,78,2,0.8730431470152034,0,4,1,0
6,12.916666666666666,88,5,52,7,0.168858463370395,0,1,0,0
9,2.5,62,5,93,3,0.05363479152083084,1,0,1,0
7,2.4166666666666665,80,4,62,2,0.7174649906119122,1,3,1,1
7,22.333333333333332,56,4,94,3,0.4754757152327337,0,0,1,0
10,7.416666666666667,98,4,59,1,0.8490980199586761,0,1,1,0
9,15.5,91,4,85,0,0.38339714105825895,0,1,1,0
3,17.083333333333332,91,3,58,1,0.16827858850771282,1,4,1,0
10,10.333333333333334,85,4,76,1,0.8364421924698697,0,3,1,1
5,10.416666666666666,69,5,83,2,0.5489096316400717,1,2,0,0
10,19.416666666666668,53,5,100,2,0.1891957923903549,1,1,0,0
4,14.75,56,4,50,4,0.7203839985864458,1,3,1,0
3,27.5,50,5,81,2,0.5111136384895005,1,0,0,0
4,11.916666666666666,93,4,74,2,0.6043129822403198,0,4,1,0
9,22.916666666666668,94,5,78,0,0.4608983382065819,1,0,1,0
8,5.5,91,3,56,0,0.8287089838180064,1,1,1,0
4,11.833333333333334,96,3,98,2,0.8295627156830498,0,1,0,1
5,24.916666666666668,62,4,52,2,0.7093888218243862,1,0,1,1
10,23.083333333333332,71,4,69,3,0.10540137739646227,1,1,1,0
8,14.416666666666666,70,4,69,1,0.8388538619040689,1,3,0,1
10,8.166666666666666,71,5,79,0,0.6710129805329098,0,1,0,0
4,5.5,77,4,84,2,0.6970241660042995,1,4,1,0
10,24.916666666666668,58,3,84,1,0.36298284040387163,1,3,0,0
9,15.75,75,5,98,0,0.8792795561570067,0,2,0,0
8,1.5833333333333333,58,4,88,3,0.7253716002348575,0,1,1,0
9,27.666666666666668,64,5,76,1,0.11259046652919447,1,1,1,1
4,27.0,59,5,75,2,0.40777803440616267,1,4,1,1
9,21.5,73,4,63,1,0.8863803619601417,0,4,0,0
5,27.833333333333332,91,5,66,1,0.047196701697378995,1,0,0,0
4,22.166666666666668,57,3,67,2,0.9614166196420495,0,0,0,0
4,28.25,73,3,94,3,0.6791625683195628,1,0,1,0
4,5.416666666666667,65,5,78,2,0.6313759776433766,0,4,0,0
3,21.666666666666668,98,4,69,3,0.2705592564879914,1,0,0,0
10,20.833333333333332,75,5,76,1,0.24879178873917707,0,0,1,0
3,20.0,76,3,67,3,0.9420582194885955,0,2,1,0
3,6.5,86,5,53,1,0.29827245423412274,0,0,1,1
5,5.166666666666667,53,5,50,2,0.7755052967189994,0,1,0,0
8,9.0,99,3,99,2,0.39312179820707915,0,4,1,0
10,8.583333333333334,73,5,50,4,0.13925407078470398,1,3,0,0
9,22.916666666666668,68,5,75,2,0.01071529769535895,1,2,0,0
7,25.166666666666668,85,4,94,0,0.5442573370152508,0,4,1,0
4,8.916666666666666,88,4,69,0,0.9757788185489327,1,4,1,0
9,8.25,59,3,72,3,0.3691361938092045,1,1,1,0
4,7.416666666666667,74,3,59,2,0.35719233399304484,1,0,1,0
5,24.916666666666668,67,3,60,3,0.3440916178494421,1,1,1,0
4,10.916666666666666,68,4,90,1,0.5205438373048584,1,0,0,0
3,26.083333333333332,85,3,90,1,0.44066488342429355,1,0,0,1
10,14.666666666666666,59,3,54,0,0.8799146267270145,0,4,0,1
7,16.083333333333332,82,3,50,4,0.5055207917234903,1,0,1,1
6,19.5,99,4,66,2,0.5077578381885688,1,2,0,0
4,26.833333333333332,54,5,71,4,0.1383715947205566,1,2,1,1
9,1.5,96,3,83,1,0.982739540910386,0,2,1,0
3,28.416666666666668,98,5,94,2,0.24997289086882968,1,4,0,0
6,22.833333333333332,84,3,90,3,0.07336406745960267,1,1,0,0
7,14.333333333333334,93,5,78,1,0.6631462489752088,1,3,1,0
6,13.5,83,4,53,3,0.5953663701568727,0,0,0,0
3,8.0,82,4,54,4,0.4151456539927457,1,3,1,0
10,13.166666666666666,70,3,60,4,0.42219223388067806,0,1,0,1
10,10.25,66,5,100,3,0.7850639210464312,1,1,0,1
8,3.9166666666666665,71,4,70,1,0.19571264009964906,0,4,0,0
10,24.666666666666668,97,3,84,1,0.8202533189448897,0,2,0,0
8,16.583333333333332,86,3,61,4,0.6487471138950182,0,2,0,1
6,7.75,64,4,75,0,0.4189697737795244,1,1,1,0
5,1.0833333333333333,84,4,100,3,0.4580286165838686,0,4,0,0
9,26.166666666666668,77,3,68,3,0.2566472071860958,0,4,0,0
9,17.333333333333332,56,5,94,2,0.7521143326969748,0,0,0,0
6,1.8333333333333333,81,5,56,5,0.5128747423052678,0,2,1,0
4,20.416666666666668,60,5,96,1,0.3208545427498436,1,1,1,1
4,17.166666666666668,59,3,56,1,0.5960501157609502,1,3,1,0
10,10.833333333333334,58,4,75,0,0.995734452051323,1,2,1,0
9,2.5833333333333335,63,3,89,2,0.43526227965655384,1,0,1,0
9,22.666666666666668,62,4,54,1,0.9206914007786196,0,4,0,0
8,25.333333333333332,74,5,70,1,0.3450168399245661,1,1,0,1
5,22.25,51,5,63,3,0.054732706924985886,0,2,0,0
3,19.416666666666668,84,4,53,4,0.20424210636842888,1,3,1,0
4,19.75,56,4,72,1,0.4186951433276842,1,0,1,0
9,5.333333333333333,70,3,91,1,0.219634928594569,1,0,0,0
8,29.416666666666668,67,5,69,4,0.0002270382182555375,0,2,1,0
7,24.25,52,3,64,0,0.9150015377475272,1,3,1,0
8,7.666666666666667,91,3,99,0,0.843879411230929,1,0,1,0
4,17.75,88,3,94,1,0.7422922314869471,1,1,0,0
4,14.083333333333334,90,5,78,2,0.16781459564602863,0,0,0,0
8,10.916666666666666,98,3,57,1,0.12036357620998606,1,3,1,1
3,5.833333333333333,60,3,90,5,0.06760474947238315,1,4,1,1
6,18.833333333333332,88,3,97,2,0.7240291887729212,0,4,1,0
4,11.583333333333334,73,3,68,2,0.9288079606878853,0,2,1,0
8,19.583333333333332,95,3,97,1,0.430535820913037,1,3,0,0
9,18.333333333333332,68,3,88,2,0.11914067199604816,1,0,1,1
8,10.5,53,5,95,2,0.5123928207321066,1,0,0,0
5,18.333333333333332,75,3,77,3,0.34883190745863013,0,4,0,0
6,2.0833333333333335,87,4,95,3,0.3748249243499977,0,4,0,0
7,1.6666666666666667,91,3,76,2,0.6213306241557073,0,1,1,0
3,4.25,81,3,53,4,0.7187181132622024,1,4,0,0
10,20.666666666666668,88,5,64,3,0.11060359887316085,0,1,0,0
7,24.333333333333332,94,5,84,3,0.035590230806476386,1,0,1,0
6,17.666666666666668,95,4,86,0,0.9943303026857149,0,1,1,0
6,21.416666666666668,85,4,50,0,0.23272834891555183,0,1,1,0
6,24.083333333333332,89,5,52,1,0.053830524908459076,0,2,0,0
7,20.5,86,5,96,2,0.18987532909591998,1,4,1,1
9,1.25,82,3,73,2,0.03895784634846422,1,1,0,0
6,13.75,85,5,76,2,0.39181089461717167,1,0,0,0
8,3.3333333333333335,52,4,89,4,0.8024017844513243,1,3,1,0
7,10.0,58,3,85,4,0.3412444497577206,0,1,0,0
10,9.083333333333334,57,4,83,4,0.44418340687836655,1,4,0,0
6,18.833333333333332,82,3,78,1,0.6755867735674388,0,2,0,1
8,25.333333333333332,55,5,73,3,0.5088940700698802,1,0,0,0
9,7.166666666666667,90,4,73,1,0.8614456860213242,1,2,1,0
5,28.083333333333332,88,3,91,1,0.8660356750457565,0,3,0,1
9,13.083333333333334,53,3,53,1,0.009910695491153643,0,1,1,0
10,11.583333333333334,62,5,52,1,0.7780463064831992,1,1,0,0
6,29.333333333333332,98,5,83,2,0.46073360024167387,1,4,0,0
10,4.416666666666667,51,5,98,3,0.9888405413036631,0,1,1,0
7,4.333333333333333,54,4,72,1,0.48323207587543515,0,0,0,0
4,3.75,93,3,72,3,0.9868959453882975,0,3,0,0
6,2.3333333333333335,76,5,94,2,0.7545693612057366,0,2,0,0
4,14.666666666666666,81,4,54,1,0.24860488461330632,0,3,0,0
8,13.666666666666666,70,4,80,2,0.5383949792869577,1,1,0,0
5,7.25,57,4,90,1,0.9921356394785827,1,2,0,0
3,8.166666666666666,87,5,55,2,0.8575306077519237,1,4,1,0
10,10.666666666666666,57,5,86,2,0.0973668937912211,1,3,1,1
9,29.416666666666668,99,3,59,1,0.7063719968099961,0,2,1,0
5,3.1666666666666665,52,3,89,1,0.34557958587081306,0,2,0,0
6,27.0,93,5,56,2,0.006982261880348117,0,2,0,0
4,24.833333333333332,52,4,88,4,0.4034809690269996,1,0,0,0
9,12.083333333333334,71,4,87,1,0.2347544217249713,0,3,1,0
4,19.166666666666668,55,4,70,3,0.8188692705204715,0,2,0,0
7,14.916666666666666,51,3,69,2,0.3373306088457655,1,3,1,1
4,9.083333333333334,72,4,52,4,0.8275236939538171,1,2,0,0
7,23.25,93,3,100,3,0.0005979388347953085,1,4,0,0
8,20.666666666666668,51,3,71,2,0.30781915002611915,0,4,0,0
9,26.666666666666668,87,4,96,2,0.24116521430776194,0,4,1,1
9,15.333333333333334,66,4,53,4,0.23356736106861098,1,1,0,0
3,16.75,84,5,77,2,0.0681866197654627,1,2,1,0
6,11.083333333333334,83,5,61,1,0.18712427041050173,0,1,0,0
7,4.75,72,4,87,0,0.5555495698856199,1,3,0,0
3,6.25,79,3,100,3,0.2913610728377445,0,1,1,0
4,11.75,57,3,85,3,0.41739478232914795,1,3,0,1
4,26.75,71,3,96,0,0.3768668803471885,1,3,0,0
3,17.0,93,3,90,2,0.8759049249998946,1,3,0,0
9,26.5,85,3,54,2,0.9052989990105155,0,1,0,0
4,16.0,54,5,62,1,0.49295697165586005,0,2,1,0
10,25.25,62,4,72,5,0.3301559503156044,1,1,1,0
8,24.416666666666668,78,5,99,1,0.10680070400236363,0,2,0,0
8,3.3333333333333335,80,3,79,0,0.953402879382095,1,2,0,0
10,13.333333333333334,96,3,86,2,0.06022694490029745,1,3,1,0
3,23.166666666666668,65,3,74,3,0.29765027756828044,0,1,0,0
10,25.583333333333332,91,3,97,0,0.29806620117000415,0,2,1,0
7,1.8333333333333333,79,4,76,2,0.3204012861402149,0,4,0,0
7,14.583333333333334,65,3,100,2,0.16428684327240928,0,2,1,0
3,10.333333333333334,61,4,63,0,0.7831614309236972,1,4,1,0
10,16.5,66,3,97,1,0.12249786196598922,0,1,1,1
7,25.5,65,4,96,2,0.6349066591531628,0,1,1,0
9,20.25,61,5,85,1,0.12384602670581746,1,1,0,0
10,19.833333333333332,57,3,88,4,0.07053563759295656,1,2,0,1
9,26.75,69,4,65,3,0.9094295036858765,1,0,1,1
7,9.083333333333334,52,5,71,5,0.19012876631870568,1,2,1,1
8,5.5,65,3,70,1,0.8212501545597043,0,2,1,0
7,10.166666666666666,79,3,70,5,0.5446308711071358,0,3,1,0
9,13.583333333333334,94,3,57,2,0.0778565196087696,1,3,0,0
5,21.416666666666668,72,4,98,1,0.9554481914380675,1,2,1,0
6,6.666666666666667,77,4,65,0,0.24696116699189252,0,4,1,0
4,26.916666666666668,100,5,80,0,0.8596453453526065,0,3,1,0
10,25.0,89,4,91,3,0.16881000578456418,0,2,1,0
5,21.75,54,4,59,2,0.8539428821418529,0,0,1,1
7,3.9166666666666665,69,3,81,1,0.013228812905293985,0,4,1,1
8,20.833333333333332,89,3,83,2,0.5117804565694807,1,1,1,1
3,13.25,93,3,58,1,0.7694425794215568,1,2,0,0
7,19.833333333333332,50,3,66,2,0.9347955174927833,1,2,1,1
8,21.25,79,3,60,1,0.909202136206487,1,4,1,1
6,29.0,70,3,81,3,0.8196248695476449,0,3,1,0
7,17.666666666666668,69,3,59,3,0.8881913496613041,1,3,0,0
9,13.75,55,5,71,2,0.1992196858370765,0,3,0,1
3,7.0,71,5,66,1,0.28418429571172876,0,1,0,0
8,17.666666666666668,67,5,53,1,0.2889685249210585,0,4,1,0
8,25.583333333333332,57,5,97,3,0.3770539310016988,0,4,1,0
8,2.3333333333333335,88,3,96,1,0.3933206703851887,0,3,1,0
6,11.666666666666666,81,5,74,1,0.5445553246546755,0,3,0,0
7,19.0,82,3,70,0,0.15987976336644139,0,0,1,1
6,6.0,65,5,86,2,0.6912466637859893,1,0,0,1
10,9.583333333333334,61,4,87,2,0.1675665393045065,0,2,0,0
4,4.416666666666667,87,5,98,3,0.31030848210454753,1,2,0,0
4,3.0,83,5,50,1,0.503345130606154,1,4,0,0
10,4.166666666666667,63,3,74,2,0.7964405615234773,0,4,0,0
7,25.166666666666668,85,5,100,3,0.7394692332387273,0,1,1,0
9,11.833333333333334,82,4,85,3,0.6455343564105223,1,1,1,0
6,20.0,72,3,66,2,0.15577326058017016,1,0,0,0
3,9.916666666666666,99,3,90,2,0.5470453456155777,1,2,1,0
8,15.25,94,5,73,1,0.08744650179988545,1,0,1,0
8,9.416666666666666,51,3,51,4,0.37736317679665077,0,0,0,0
7,1.9166666666666667,90,3,89,1,0.41351653028995916,0,2,0,0
9,23.833333333333332,70,3,64,4,0.03981143944575383,0,1,1,0
4,9.333333333333334,51,3,81,3,0.2739880994699718,1,2,1,0
4,4.583333333333333,76,3,88,2,0.9556494672664894,0,3,1,1
8,26.333333333333332,58,3,55,0,0.9536326078296895,1,3,1,1
7,2.3333333333333335,50,4,50,2,0.3523270542525393,0,3,0,1
6,28.416666666666668,60,5,96,2,0.043100108948324056,1,4,1,1
4,5.666666666666667,52,4,72,1,0.17909493932818155,0,1,0,0
6,26.833333333333332,72,3,88,2,0.39221779343354013,0,1,0,0
9,26.166666666666668,75,3,66,5,0.9477796979692298,1,4,1,0
4,1.9166666666666667,53,5,83,2,0.14119906353718492,1,0,1,1
4,27.416666666666668,67,4,90,3,0.7635158436682122,1,3,1,1
5,7.583333333333333,55,5,78,0,0.10868253937469208,1,3,0,0
4,18.916666666666668,84,4,58,2,0.9812575773912768,1,0,0,0
10,29.166666666666668,71,3,62,1,0.381616499109135,0,2,0,0
3,22.916666666666668,92,5,55,2,0.775234538899056,1,2,0,0
10,13.333333333333334,64,5,55,4,0.3425910828111318,0,1,1,0
7,7.666666666666667,71,3,69,2,0.6276688771588087,0,4,0,0
7,18.833333333333332,86,5,52,0,0.19201608474003673,0,1,0,0
6,17.416666666666668,91,4,66,1,0.14602101929696254,0,2,1,0
10,17.583333333333332,61,4,98,2,0.9380641395681313,0,0,0,0
10,3.0,96,4,61,2,0.9176472779044335,1,1,0,0
10,8.333333333333334,98,4,97,3,0.8874689402128824,1,3,1,1
9,23.25,91,3,96,3,0.6254334501665935,0,3,0,0
4,12.833333333333334,87,5,94,2,0.8082682112162782,0,0,0,0
3,5.833333333333333,67,4,50,1,0.06903693691137491,1,2,0,1
6,3.0833333333333335,94,3,66,1,0.33478904189067915,1,3,0,0
10,4.833333333333333,84,5,52,0,0.3137031247571562,0,3,1,0
10,24.916666666666668,79,5,75,1,0.6356453219526133,1,4,0,0
5,23.083333333333332,73,3,64,2,0.3559577734706405,1,1,1,0
6,2.25,91,3,85,2,0.1485067816436808,1,2,0,0
10,17.5,79,4,81,2,0.5964670754135437,0,1,1,0
6,24.416666666666668,63,5,81,0,0.8143839206690815,1,2,1,0
4,8.083333333333334,55,5,53,2,0.3821234944599732,0,3,1,0
5,21.75,52,3,67,1,0.1322687150984817,0,4,0,0
6,23.416666666666668,65,5,98,1,0.19668819731282305,0,1,0,0
3,28.833333333333332,56,4,68,3,0.23748330516938398,0,3,0,0
3,10.666666666666666,63,5,92,0,0.2998975929945362,0,2,1,0
7,1.5,58,3,84,2,0.6427950705063091,1,1,0,0
5,12.333333333333334,64,3,89,1,0.600945484537719,0,1,0,0
5,15.583333333333334,70,4,63,4,0.6960798615670392,0,3,0,0
7,28.25,84,4,82,2,0.36250198453151317,0,1,0,0
6,27.166666666666668,51,5,63,1,0.8239976518799783,1,4,1,0
5,18.833333333333332,76,5,83,2,0.20408766115576027,1,4,1,1
3,7.75,51,3,53,3,0.46904074751815394,1,3,0,1
3,19.5,84,4,73,4,0.8009387215414303,1,2,0,0
10,9.5,67,4,78,1,0.18015864773261925,1,3,0,1
4,23.666666666666668,63,4,68,4,0.10986311374078295,1,4,1,0
5,2.0833333333333335,69,5,55,4,0.8836839676879897,1,0,0,0
6,14.166666666666666,67,4,82,4,0.3429296627591959,0,0,1,0
7,13.583333333333334,59,3,98,2,0.683870124909032,0,1,1,1
7,9.916666666666666,74,3,89,2,0.02534860426393848,1,1,0,0
6,16.583333333333332,51,5,68,2,0.6900468884094496,0,0,0,0
9,26.0,74,5,50,3,0.3161013115469705,0,4,0,0
8,9.083333333333334,82,4,54,2,0.05574085358744174,1,1,1,0
4,11.833333333333334,85,5,76,2,0.609812761548117,0,3,1,0
7,25.333333333333332,80,3,65,2,0.24080381607317325,0,3,0,0
5,15.166666666666666,63,4,55,3,0.38680724205188,1,4,1,0
4,16.166666666666668,50,3,89,3,0.08058081228651359,0,1,0,0
5,4.166666666666667,95,4,62,1,0.14716325109494532,1,3,0,0
9,2.1666666666666665,65,5,97,3,0.29797723549584376,1,1,1,0
3,1.25,95,4,84,2,0.08975950056015713,0,1,1,0
4,18.416666666666668,52,4,68,3,0.9108262646863152,0,3,1,0
10,14.333333333333334,84,3,61,2,0.006047043183978418,0,0,1,1
7,2.25,90,3,65,2,0.4838602188643114,1,3,0,0
4,9.916666666666666,55,4,92,4,0.12324745813255145,1,4,0,0
4,26.833333333333332,74,5,59,1,0.30767908947794853,1,2,0,0
4,19.833333333333332,62,5,74,3,0.9260595598182655,0,3,1,1
8,15.083333333333334,83,3,69,2,0.16169455327398685,0,1,0,0
4,3.75,57,5,80,2,0.9658323197183326,1,1,1,0
5,21.833333333333332,70,3,53,1,0.2057943769894217,0,3,1,0
3,21.5,83,5,93,2,0.7415661084668296,0,2,1,0
9,23.333333333333332,53,4,72,1,0.5466772648973117,1,3,0,0
6,12.666666666666666,74,3,51,0,0.8844787275967592,1,2,1,0
4,23.75,64,3,71,1,0.5539932555031309,0,2,1,0
7,8.916666666666666,53,4,100,0,0.5345592191563087,1,4,1,0
4,19.833333333333332,94,3,86,5,0.1954580003683999,0,1,1,0
7,4.166666666666667,61,5,57,4,0.16622936205165872,1,1,1,0
5,26.083333333333332,81,5,56,2,0.9164891511155142,1,2,1,0
7,3.3333333333333335,81,3,63,3,0.32783819885003407,1,1,1,0
10,27.416666666666668,77,5,52,1,0.37208225496289593,0,0,1,0
6,21.333333333333332,62,3,99,2,0.7598236584283884,0,2,1,0
3,20.583333333333332,80,4,65,3,0.33882348242280735,1,1,1,0
7,16.333333333333332,63,3,68,4,0.9520624466390027,1,0,1,0
7,23.583333333333332,69,4,100,2,0.7379277689988003,1,4,1,0
3,20.583333333333332,67,5,67,3,0.59742924257342,0,1,0,0
6,20.833333333333332,78,4,65,1,0.8808951605447525,1,0,0,0
4,23.083333333333332,55,5,57,5,0.04960590834948275,1,3,1,0
7,29.25,81,3,82,0,0.25706269218920874,1,3,1,0
3,6.333333333333333,78,5,98,2,0.46503633422090995,1,0,1,0
10,15.666666666666666,92,3,61,2,0.22697853947152102,0,2,0,0
10,1.1666666666666667,51,3,60,3,0.7439051873021519,0,2,0,0
5,12.75,72,4,54,1,0.9192080310537252,1,1,0,0
3,14.083333333333334,68,4,76,4,0.4237701199309234,0,3,1,0
5,27.916666666666668,80,4,61,1,0.34213260011189495,0,2,1,0
10,13.083333333333334,100,4,66,2,0.9615507321375663,0,2,1,1
6,25.333333333333332,54,5,55,1,0.44485243282754083,1,3,1,0
4,13.666666666666666,68,5,82,1,0.4890484004492832,0,4,0,0
3,17.0,83,5,54,2,0.35164987234190537,0,2,1,0
9,7.0,59,3,77,2,0.9095484730121384,0,0,0,0
10,26.333333333333332,74,5,63,1,0.5689554832818507,1,1,0,0
10,29.583333333333332,51,5,54,1,0.7621745871816447,1,2,1,0
9,12.583333333333334,60,5,82,2,0.8118067183508864,0,2,0,1
8,16.5,99,4,99,3,0.3418490419172582,0,4,0,0
10,25.333333333333332,80,5,97,4,0.43369433132038004,1,0,0,0
7,6.0,64,3,90,0,0.8484717744062646,1,1,0,0
6,17.416666666666668,58,4,68,2,0.36325535167581025,0,2,1,0
3,25.5,72,3,71,0,0.7939351334518513,0,1,1,0
9,27.5,68,5,54,0,0.9409923225744371,1,3,0,0
7,26.083333333333332,58,4,51,2,0.623210373068007,1,2,1,0
9,29.583333333333332,84,3,79,2,0.7416272874518889,0,2,0,0
3,1.8333333333333333,70,5,96,1,0.8050973120411349,1,3,1,0
5,6.083333333333333,58,3,88,1,0.8450396488966425,0,4,1,0
3,28.666666666666668,77,3,53,0,0.39505333785679597,0,2,1,1
8,19.75,95,3,82,3,0.05126345917599817,0,1,1,1
3,13.666666666666666,100,5,62,5,0.4018762712367395,1,0,1,0
3,17.5,56,5,69,1,0.6737562297840898,0,1,0,0
8,5.25,65,3,56,1,0.4503503857807928,0,4,1,0
6,22.583333333333332,65,4,64,3,0.7489631508603986,1,0,0,0
10,5.833333333333333,82,4,72,4,0.3569824294686639,1,1,0,1
3,6.916666666666667,53,5,63,2,0.6347441411040295,0,1,1,0
8,13.25,53,5,72,0,0.18641980485397458,0,3,0,0
7,6.166666666666667,88,5,68,0,0.7493694366449569,1,4,1,1
5,26.75,89,5,78,2,0.5456959688130258,1,3,0,1
5,21.166666666666668,66,5,69,2,0.20406438854660058,1,0,0,0
3,28.416666666666668,86,4,78,0,0.29191117349780726,0,3,1,0
6,9.833333333333334,88,5,73,2,0.7486087085818324,0,4,1,0
6,19.75,78,3,67,0,0.4826012356615207,0,2,1,1
7,27.0,85,3,59,3,0.2160314403930722,1,2,1,0
3,19.083333333333332,87,4,90,1,0.9672711903702976,0,0,0,0
5,21.0,88,3,57,0,0.7151250198168879,1,2,1,0
6,22.5,99,4,75,2,0.9571348325397961,0,3,0,0
3,22.75,86,4,78,2,0.4271050453603432,1,0,0,0
9,1.3333333333333333,84,3,59,5,0.47510034069172047,0,4,0,1
6,22.666666666666668,56,5,66,2,0.8979552161850192,0,0,0,0
8,5.416666666666667,76,3,51,1,0.5250493402453846,1,0,0,1
9,4.833333333333333,77,3,55,3,0.7072789119056672,1,1,0,0
10,18.833333333333332,71,4,54,1,0.25217287749552997,0,1,1,0
6,15.666666666666666,63,3,77,4,0.44672646870264054,1,0,0,0
5,1.6666666666666667,56,4,90,1,0.12344986581035511,1,2,0,0
4,9.166666666666666,86,5,54,2,0.20598003587696168,0,1,0,0
9,2.5833333333333335,71,5,67,0,0.000943415267631087,1,4,1,0
10,21.0,54,5,75,2,0.03926505164866023,0,3,1,1
7,6.0,51,3,69,3,0.9772838231769293,0,1,0,0
7,15.75,76,4,90,3,0.2423536951367623,1,0,1,1
5,29.083333333333332,70,5,98,1,0.663310709504002,1,2,0,0
6,6.083333333333333,87,4,76,1,0.8390996987996115,0,3,1,0
3,13.0,64,4,98,3,0.5506604592365643,0,1,0,0
6,18.916666666666668,70,5,61,4,0.1531445000839562,0,2,1,0
5,1.1666666666666667,59,5,56,0,0.7281164373361664,0,2,1,0
7,14.25,72,4,52,2,0.600251410099583,0,2,1,1
6,19.833333333333332,88,5,59,1,0.7312505893473751,0,0,0,0
7,23.333333333333332,54,4,83,3,0.7697466228570872,1,4,0,0
9,10.916666666666666,50,4,74,0,0.9754103676847451,1,2,0,0
10,8.333333333333334,62,5,84,1,0.57356328002671,1,3,1,0
3,28.333333333333332,70,3,65,3,0.3416411126906018,0,1,1,0
9,6.583333333333333,75,5,51,0,0.6484645569002371,1,3,0,0
7,9.083333333333334,99,3,73,2,0.06844070924262613,0,0,1,1
7,23.166666666666668,94,4,59,2,0.8973973183215863,0,0,0,0
4,9.666666666666666,70,4,87,1,0.11938101133819679,1,3,0,0
4,27.833333333333332,67,3,71,2,0.32784283788581825,0,4,0,0
9,11.166666666666666,86,4,75,2,0.8157453806261209,0,0,0,0
8,3.3333333333333335,94,3,92,1,0.5973123783307118,0,0,1,1
9,12.333333333333334,81,3,88,2,0.3936355202774421,0,3,1,0
4,17.166666666666668,85,4,76,3,0.4734356593750214,0,0,1,1
7,19.75,66,3,78,3,0.8545473932021803,0,4,0,0
5,28.583333333333332,84,5,96,1,0.34000438605989214,1,4,1,0
9,15.083333333333334,98,5,87,1,0.8696496848121713,0,4,0,0
7,1.6666666666666667,60,4,69,1,0.08813443097669149,0,1,0,0
5,4.25,70,4,76,1,0.7767984372086307,0,4,0,0
5,3.0,75,3,90,2,0.8475476330547363,0,4,0,0
4,22.666666666666668,53,3,69,3,0.18181765283733875,1,1,0,1
9,19.75,83,3,93,0,0.43034653237220044,1,2,0,0
6,11.25,97,3,68,0,0.16549977466365562,0,0,1,0
3,4.083333333333333,67,5,69,2,0.7066041289942178,0,4,1,0
4,28.25,89,5,84,3,0.5353477680616567,0,0,1,0
4,21.833333333333332,84,4,96,1,0.635323346708321,1,3,1,1
6,15.583333333333334,90,3,51,2,0.19648696695621115,1,0,0,0
3,8.416666666666666,78,3,79,1,0.21174586205241952,1,1,0,0
7,4.0,78,4,83,4,0.04149732550990637,1,0,1,1
8,27.25,87,3,71,4,0.3220675351957297,0,0,1,0
9,15.583333333333334,91,3,52,1,0.559744661333675,1,0,1,0
8,24.583333333333332,70,3,55,1,0.8579349139973288,1,2,1,0
7,7.666666666666667,91,3,64,2,0.6669274474586807,0,2,1,0
10,10.416666666666666,62,3,76,1,0.43539632339975143,0,3,1,0
4,4.25,98,4,59,2,0.9531201143941378,1,1,1,0
3,26.0,90,3,58,3,0.7192452005758319,1,0,1,0
4,19.583333333333332,66,4,82,2,0.93016520286255,1,0,0,0
5,27.416666666666668,58,3,81,3,0.5275879732721657,1,0,0,0
4,10.5,90,5,97,2,0.2589042747931396,0,0,0,0
4,16.416666666666668,50,5,55,1,0.052826686364721986,0,2,0,0
7,27.833333333333332,51,5,90,3,0.7260848514838505,1,3,1,1
7,5.583333333333333,97,5,85,1,0.12130299800553412,1,4,0,0
7,4.25,78,4,51,2,0.3027751282719672,1,1,1,0
8,4.25,82,4,78,1,0.5324709078838974,1,0,0,0
5,29.833333333333332,59,3,53,0,0.5644165877797477,1,3,1,1
10,20.666666666666668,99,5,50,5,0.600583196987136,0,4,1,1
10,25.0,89,4,68,1,0.16625533034970064,0,3,0,0
7,22.75,70,3,75,5,0.37973740482164875,0,2,0,0
3,18.916666666666668,77,3,74,5,0.6171942271169667,1,4,1,0
8,13.166666666666666,60,4,59,3,0.9698188646337847,1,3,1,0
6,28.916666666666668,83,5,64,2,0.7276311376996887,0,2,1,0
3,14.916666666666666,57,3,71,2,0.9226037570939578,0,3,0,1
9,8.583333333333334,71,5,100,3,0.762212058314177,1,3,0,0
9,5.833333333333333,57,5,97,1,0.5917169688924004,0,4,1,0
3,5.833333333333333,98,5,70,2,0.19202336913634455,1,2,0,0
7,26.25,64,3,71,2,0.666685651892513,1,0,1,0
6,15.0,66,5,85,2,0.6233795659599071,0,1,0,0
6,23.333333333333332,72,3,83,2,0.6024691704572664,0,4,0,0
8,4.666666666666667,73,5,79,1,0.48978586798824075,0,2,0,0
6,29.666666666666668,94,3,74,2,0.5286566039892756,1,3,0,0
9,16.0,68,5,94,3,0.33444252711810407,1,2,0,0
5,15.083333333333334,54,4,77,1,0.5193126926423032,0,1,1,0
7,16.833333333333332,81,5,50,4,0.19755590567847825,1,1,1,0
6,13.833333333333334,93,5,98,3,0.8051743973603768,1,0,0,0
8,16.583333333333332,50,3,94,3,0.1857769546987078,1,0,1,1
9,1.5,72,3,53,2,0.08496628988946642,0,1,1,0
5,12.0,86,5,56,3,0.43624602635715737,1,4,0,1
4,20.5,57,4,98,0,0.6583074395060619,0,4,1,0
4,4.666666666666667,62,4,58,3,0.43771682493354136,0,3,0,1
5,27.083333333333332,57,3,85,0,0.2767541319513086,1,0,1,0
9,21.666666666666668,72,4,68,4,0.5581711838904407,0,3,1,0
8,3.5,92,5,50,5,0.34700233541219994,1,0,1,0
5,2.8333333333333335,50,3,59,1,0.9328676901266331,0,1,1,1
7,14.25,94,5,85,1,0.9226451396035721,0,4,1,0
7,14.083333333333334,100,3,58,3,0.5023718199720955,1,4,1,0
4,4.166666666666667,73,3,94,1,0.3278839940182585,0,1,1,0
6,7.75,84,3,95,3,0.7371324139566391,0,3,0,0
8,22.416666666666668,73,3,91,0,0.03671294348306664,0,3,0,0
4,18.083333333333332,66,4,81,1,0.47476900604365124,1,2,0,0
6,7.333333333333333,54,5,81,5,0.33632339427033353,1,0,0,0
6,1.9166666666666667,69,5,55,2,0.9205358851025547,0,3,1,0
10,25.5,70,5,97,3,0.012003027272682543,0,1,1,0
7,19.583333333333332,89,3,87,1,0.5528148757183491,0,3,1,0
9,2.0,80,4,66,2,0.740663581066626,1,4,0,0
3,4.75,95,5,59,2,0.48501798752404124,1,0,0,0
9,13.833333333333334,85,4,99,2,0.08540303016272166,0,2,0,0
3,10.333333333333334,60,3,76,3,0.9724613900279022,1,0,1,0
5,20.333333333333332,64,5,99,2,0.5180104313760979,1,4,0,1
7,2.3333333333333335,68,4,84,2,0.6141862443190114,1,4,1,0
6,19.5,56,3,70,1,0.23660978270750732,1,4,0,0
8,16.583333333333332,100,4,74,3,0.4834980851068038,0,4,1,0
3,29.583333333333332,77,5,77,1,0.42914949195832186,1,1,0,0
9,14.5,100,5,96,3,0.07489584200198374,1,2,1,0
6,28.083333333333332,92,3,64,1,0.10616035354746722,0,4,0,0
3,7.083333333333333,54,3,53,2,0.8374725196187746,0,4,0,1
3,20.333333333333332,54,3,78,3,0.23981995220659025,1,3,1,0
10,19.583333333333332,79,4,58,1,0.19495827149863054,1,2,1,0
3,27.5,81,4,76,0,0.5049114512501393,0,0,0,0
8,5.916666666666667,57,4,75,1,0.7687471313625129,0,2,1,0
7,28.833333333333332,59,3,68,2,0.06194651857898792,0,2,0,0
8,19.416666666666668,87,5,77,3,0.5768079196382558,1,2,1,0
4,4.0,96,5,66,0,0.11921044284057336,1,4,0,0
6,24.083333333333332,81,4,92,3,0.03646105082561846,0,4,1,0
7,17.25,97,4,90,1,0.05274395216221739,1,1,0,0
10,21.083333333333332,77,5,91,2,0.8341641082084413,0,0,0,0
7,27.916666666666668,66,5,99,4,0.11797248362806156,1,3,0,0
7,19.166666666666668,80,4,69,1,0.04515136441229195,0,2,1,0
9,16.916666666666668,57,4,94,2,0.4378998871429123,0,0,0,0
7,2.3333333333333335,89,5,89,0,0.8439934719420248,1,0,1,0
10,1.9166666666666667,74,3,88,0,0.26240837648930193,1,1,1,0
8,17.0,58,4,98,1,0.4217126175259164,1,3,1,1
7,2.75,51,5,72,0,0.03992253256375122,1,2,0,0
5,10.916666666666666,64,5,96,2,0.4490785141348759,1,3,1,0
6,18.416666666666668,99,5,81,2,0.5776130806371337,1,1,1,0
7,26.416666666666668,52,5,96,2,0.5709070537521448,0,4,1,0
6,23.416666666666668,98,3,82,1,0.33242669217436516,1,0,0,0
5,16.916666666666668,85,5,95,1,0.3155331806631355,0,2,1,1
5,15.5,53,4,54,2,0.10662361893659789,0,4,1,0
6,24.666666666666668,63,3,92,4,0.3667983206462684,1,1,1,0
3,17.916666666666668,90,5,97,0,0.09949466887296465,0,3,1,0
4,14.583333333333334,90,3,83,4,0.7665959447120516,0,0,0,0
9,21.833333333333332,74,4,89,2,0.9662742977481859,1,2,0,0
3,19.833333333333332,99,5,60,2,0.9700744566667069,1,4,1,0
3,1.5,59,4,99,2,0.8650710993753938,1,4,1,0
8,3.3333333333333335,70,5,52,0,0.6007921493396191,0,0,1,0
9,3.6666666666666665,85,5,82,0,0.7008656972438799,1,3,1,0
9,12.083333333333334,61,5,60,2,0.28520580268041407,1,1,0,0
3,7.5,76,5,65,1,0.6307704201726206,1,3,0,1
7,5.75,89,5,67,4,0.45564954943987745,1,3,0,0
8,3.0833333333333335,51,3,79,2,0.4820173397769325,0,3,0,1
8,19.75,62,5,97,1,0.757776560375158,1,0,1,0
5,24.666666666666668,81,5,59,3,0.28191835559725165,0,0,1,0
10,1.25,80,3,67,1,0.3180396116945199,1,1,0,0
9,9.166666666666666,65,3,87,2,0.9246417911286366,0,3,0,0
3,4.166666666666667,81,3,68,3,0.056224294850972245,0,0,1,0
5,23.5,81,3,85,4,0.4856342984133404,0,1,1,0
6,24.666666666666668,83,3,62,3,0.9128008004078617,1,1,1,0
4,14.0,60,3,95,2,0.610363007818157,0,3,1,0
10,7.166666666666667,59,5,52,3,0.5464070742121321,1,2,1,0
10,24.916666666666668,64,5,59,4,0.2497441792293552,1,3,0,0
10,11.75,66,4,87,1,0.34327548906444827,1,2,0,0
8,15.5,89,5,50,0,0.8520484158046929,1,1,1,1
6,7.916666666666667,67,5,76,1,0.5592181317684581,1,0,1,0
10,2.75,58,3,95,1,0.5147421937567799,0,4,0,0
6,3.1666666666666665,74,3,57,2,0.09957971354002892,1,1,1,0
7,17.166666666666668,89,5,100,2,0.01602815645512312,0,0,0,0
10,29.0,63,4,95,2,0.9636851886870491,0,1,0,0
4,20.583333333333332,74,3,91,0,0.37698616728684164,0,3,0,0
6,8.583333333333334,99,5,66,3,0.6032130620995043,0,2,0,0
6,2.6666666666666665,71,5,58,1,0.07971507318728499,0,1,1,0
4,26.166666666666668,79,4,55,2,0.6831142857230466,0,0,1,0
10,7.916666666666667,69,4,92,2,0.9325667087059609,0,3,0,0
4,22.75,70,3,74,1,0.5756652529974197,1,4,1,1
6,13.166666666666666,93,4,88,1,0.12611532237541057,0,3,1,0
4,22.333333333333332,81,5,98,0,0.5817215274734767,1,2,1,0
6,5.75,100,5,77,3,0.7663472131046524,0,3,1,0
6,2.1666666666666665,95,4,82,4,0.40641653657401866,0,4,0,0
7,14.416666666666666,98,4,86,2,0.8798377479414679,0,0,1,1
3,14.5,70,4,58,0,0.6486829533573645,0,1,0,1
6,27.583333333333332,84,4,67,2,0.8992489182892025,1,2,0,0
10,24.333333333333332,81,3,70,3,0.6235053112473372,1,4,1,0
5,24.25,79,4,51,3,0.13128797200482423,1,2,0,0
